Značka;Řada;Odstín;Typ
L'Oréal;Inoa;1;Barva
L'Oréal;Inoa;2;Barva
L'Oréal;Inoa;2.10;Barva
L'Oréal;Inoa;3;Barva
L'Oréal;Inoa;4;Barva
L'Oréal;Inoa;4.0;Barva
L'Oréal;Inoa;4.15;Barva
L'Oréal;Inoa;4.20;Barva
L'Oréal;Inoa;4.26;Barva
L'Oréal;Inoa;4.3;Barva
L'Oréal;Inoa;4.35;Barva
L'Oréal;Inoa;4.45;Barva
L'Oréal;Inoa;4.56;Barva
L'Oréal;Inoa;4.62;Barva
L'Oréal;Inoa;4.8;Barva
L'Oréal;Inoa;5;Barva
L'Oréal;Inoa;5.0;Barva
L'Oréal;Inoa;5.1;Barva
L'Oréal;Inoa;5.12;Barva
L'Oréal;Inoa;5.15;Barva
L'Oréal;Inoa;5.17;Barva
L'Oréal;Inoa;5.18;Barva
L'Oréal;Inoa;5.25;Barva
L'Oréal;Inoa;5.26;Barva
L'Oréal;Inoa;5.3;Barva
L'Oréal;Inoa;5.32;Barva
L'Oréal;Inoa;5.35;Barva
L'Oréal;Inoa;5.4;Barva
L'Oréal;Inoa;5.5;Barva
L'Oréal;Inoa;5.60;Barva
L'Oréal;Inoa;5.62;Barva
L'Oréal;Inoa;5.8;Barva
L'Oréal;Inoa;6;Barva
L'Oréal;Inoa;6.0;Barva
L'Oréal;Inoa;6.1;Barva
L'Oréal;Inoa;6.11;Barva
L'Oréal;Inoa;6.13;Barva
L'Oréal;Inoa;6.23;Barva
L'Oréal;Inoa;6.3;Barva
L'Oréal;Inoa;6.32;Barva
L'Oréal;Inoa;6.34;Barva
L'Oréal;Inoa;6.35;Barva
L'Oréal;Inoa;6.40;Barva
L'Oréal;Inoa;6.45;Barva
L'Oréal;Inoa;6.46;Barva
L'Oréal;Inoa;6.66;Barva
L'Oréal;Inoa;6.8;Barva
L'Oréal;Inoa;7;Barva
L'Oréal;Inoa;7.0;Barva
L'Oréal;Inoa;7.1;Barva
L'Oréal;Inoa;7.11;Barva
L'Oréal;Inoa;7.13;Barva
L'Oréal;Inoa;7.18;Barva
L'Oréal;Inoa;7.23;Barva
L'Oréal;Inoa;7.3;Barva
L'Oréal;Inoa;7.31;Barva
L'Oréal;Inoa;7.34;Barva
L'Oréal;Inoa;7.35;Barva
L'Oréal;Inoa;7.4;Barva
L'Oréal;Inoa;7.43;Barva
L'Oréal;Inoa;7.44;Barva
L'Oréal;Inoa;7.8;Barva
L'Oréal;Inoa;8;Barva
L'Oréal;Inoa;8.0;Barva
L'Oréal;Inoa;8.1;Barva
L'Oréal;Inoa;8.11;Barva
L'Oréal;Inoa;8.12;Barva
L'Oréal;Inoa;8.13;Barva
L'Oréal;Inoa;8.21;Barva
L'Oréal;Inoa;8.23;Barva
L'Oréal;Inoa;8.3;Barva
L'Oréal;Inoa;8.31;Barva
L'Oréal;Inoa;8.34;Barva
L'Oréal;Inoa;9;Barva
L'Oréal;Inoa;9.0;Barva
L'Oréal;Inoa;9.1;Barva
L'Oréal;Inoa;9.11;Barva
L'Oréal;Inoa;9.12;Barva
L'Oréal;Inoa;9.13;Barva
L'Oréal;Inoa;9.2;Barva
L'Oréal;Inoa;9.3;Barva
L'Oréal;Inoa;9.31;Barva
L'Oréal;Inoa;10;Barva
L'Oréal;Inoa;10.1;Barva
L'Oréal;Inoa;10.11;Barva
L'Oréal;Inoa;10.12;Barva
L'Oréal;Inoa;10.21;Barva
L'Oréal;Inoa;CLEAR;Barva
L'Oréal;Inoa Boosters;Blue;Barva
L'Oréal;Inoa Boosters;Green;Barva
L'Oréal;Inoa Boosters;Violet;Barva
L'Oréal;Majirel;1;Barva
L'Oréal;Majirel;2.10;Barva
L'Oréal;Majirel;3;Barva
L'Oréal;Majirel;4;Barva
L'Oréal;Majirel;4.0;Barva
L'Oréal;Majirel;4.15;Barva
L'Oréal;Majirel;4.20;Barva
L'Oréal;Majirel;4.3;Barva
L'Oréal;Majirel;4.35;Barva
L'Oréal;Majirel;4.45;Barva
L'Oréal;Majirel;4.56;Barva
L'Oréal;Majirel;4.62;Barva
L'Oréal;Majirel;4.8;Barva
L'Oréal;Majirel;5;Barva
L'Oréal;Majirel;5.0;Barva
L'Oréal;Majirel;5.1;Barva
L'Oréal;Majirel;5.12;Barva
L'Oréal;Majirel;5.15;Barva
L'Oréal;Majirel;5.18;Barva
L'Oréal;Majirel;5.26;Barva
L'Oréal;Majirel;5.3;Barva
L'Oréal;Majirel;5.32;Barva
L'Oréal;Majirel;5.35;Barva
L'Oréal;Majirel;5.4;Barva
L'Oréal;Majirel;5.5;Barva
L'Oréal;Majirel;5.52;Barva
L'Oréal;Majirel;5.60;Barva
L'Oréal;Majirel;5.8;Barva
L'Oréal;Majirel;6;Barva
L'Oréal;Majirel;6.0;Barva
L'Oréal;Majirel;6.1;Barva
L'Oréal;Majirel;6.13;Barva
L'Oréal;Majirel;6.23;Barva
L'Oréal;Majirel;6.3;Barva
L'Oréal;Majirel;6.32;Barva
L'Oréal;Majirel;6.34;Barva
L'Oréal;Majirel;6.35;Barva
L'Oréal;Majirel;6.45;Barva
L'Oréal;Majirel;6.46;Barva
L'Oréal;Majirel;6.64;Barva
L'Oréal;Majirel;6.66;Barva
L'Oréal;Majirel;7;Barva
L'Oréal;Majirel;7.0;Barva
L'Oréal;Majirel;7.1;Barva
L'Oréal;Majirel;7.11;Barva
L'Oréal;Majirel;7.12;Barva
L'Oréal;Majirel;7.13;Barva
L'Oréal;Majirel;7.18;Barva
L'Oréal;Majirel;7.23;Barva
L'Oréal;Majirel;7.3;Barva
L'Oréal;Majirel;7.31;Barva
L'Oréal;Majirel;7.35;Barva
L'Oréal;Majirel;7.4;Barva
L'Oréal;Majirel;7.40;Barva
L'Oréal;Majirel;7.43;Barva
L'Oréal;Majirel;7.44;Barva
L'Oréal;Majirel;7.45;Barva
L'Oréal;Majirel;7.8;Barva
L'Oréal;Majirel;8;Barva
L'Oréal;Majirel;8.0;Barva
L'Oréal;Majirel;8.1;Barva
L'Oréal;Majirel;8.11;Barva
L'Oréal;Majirel;8.13;Barva
L'Oréal;Majirel;8.21;Barva
L'Oréal;Majirel;8.3;Barva
L'Oréal;Majirel;8.31;Barva
L'Oréal;Majirel;8.34;Barva
L'Oréal;Majirel;8.43;Barva
L'Oréal;Majirel;9;Barva
L'Oréal;Majirel;9.03;Barva
L'Oréal;Majirel;9.1;Barva
L'Oréal;Majirel;9.11;Barva
L'Oréal;Majirel;9.12;Barva
L'Oréal;Majirel;9.13;Barva
L'Oréal;Majirel;9.22;Barva
L'Oréal;Majirel;9.3;Barva
L'Oréal;Majirel;9.31;Barva
L'Oréal;Majirel;10;Barva
L'Oréal;Majirel;10.1;Barva
L'Oréal;Majirel;10.12;Barva
L'Oréal;Majirel;10.21;Barva
L'Oréal;Majirel;10.31;Barva
L'Oréal;Majirel Boosters;Contrast;Barva
L'Oréal;Majirel Boosters;Magenta;Barva
L'Oréal;Majirel Boosters;Orange;Barva
L'Oréal;Majirel Boosters;Red;Barva
L'Oréal;Majirel Cool Cover;4;Barva
L'Oréal;Majirel Cool Cover;5;Barva
L'Oréal;Majirel Cool Cover;5.1;Barva
L'Oréal;Majirel Cool Cover;5.17;Barva
L'Oréal;Majirel Cool Cover;6;Barva
L'Oréal;Majirel Cool Cover;6.1;Barva
L'Oréal;Majirel Cool Cover;6.17;Barva
L'Oréal;Majirel Cool Cover;7;Barva
L'Oréal;Majirel Cool Cover;7.1;Barva
L'Oréal;Majirel Cool Cover;8;Barva
L'Oréal;Majirel Cool Cover;8.1;Barva
L'Oréal;Majirel Cool Cover;9;Barva
L'Oréal;Majirel High Lift;ASH+;Barva
L'Oréal;Majirel High Lift;ASH VIOLET;Barva
L'Oréal;Majirel High Lift;NEUTR;Barva
L'Oréal;Majirel High Lift;VIOLET;Barva
L'Oréal;Majirel High Lift;BEIGE;Barva
L'Oréal;Majirel High Lift;900S;Barva
L'Oréal;Majirel High Lift;901S;Barva
L'Oréal;DIAcolor;1;Barva
L'Oréal;DIAcolor;3;Barva
L'Oréal;DIAcolor;4;Barva
L'Oréal;DIAcolor;4.12;Barva
L'Oréal;DIAcolor;4.15;Barva
L'Oréal;DIAcolor;4.20;Barva
L'Oréal;DIAcolor;4.45;Barva
L'Oréal;DIAcolor;4.62;Barva
L'Oréal;DIAcolor;5;Barva
L'Oréal;DIAcolor;5.1;Barva
L'Oréal;DIAcolor;5.18;Barva
L'Oréal;DIAcolor;5.3;Barva
L'Oréal;DIAcolor;5.35;Barva
L'Oréal;DIAcolor;5.4;Barva
L'Oréal;DIAcolor;5.5;Barva
L'Oréal;DIAcolor;5.71;Barva
L'Oréal;DIAcolor;5.8;Barva
L'Oréal;DIAcolor;6;Barva
L'Oréal;DIAcolor;6.1;Barva
L'Oréal;DIAcolor;6.12;Barva
L'Oréal;DIAcolor;6.23;Barva
L'Oréal;DIAcolor;6.3;Barva
L'Oréal;DIAcolor;6.31;Barva
L'Oréal;DIAcolor;6.34;Barva
L'Oréal;DIAcolor;6.35;Barva
L'Oréal;DIAcolor;6.45;Barva
L'Oréal;DIAcolor;6.60;Barva
L'Oréal;DIAcolor;6.8;Barva
L'Oréal;DIAcolor;6.84;Barva
L'Oréal;DIAcolor;7;Barva
L'Oréal;DIAcolor;7.1;Barva
L'Oréal;DIAcolor;7.13;Barva
L'Oréal;DIAcolor;7.18;Barva
L'Oréal;DIAcolor;7.32;Barva
L'Oréal;DIAcolor;7.44;Barva
L'Oréal;DIAcolor;7.8;Barva
L'Oréal;DIAcolor;8;Barva
L'Oréal;DIAcolor;8.1;Barva
L'Oréal;DIAcolor;8.13;Barva
L'Oréal;DIAcolor;8.2;Barva
L'Oréal;DIAcolor;8.23;Barva
L'Oréal;DIAcolor;8.3;Barva
L'Oréal;DIAcolor;8.31;Barva
L'Oréal;DIAcolor;8.34;Barva
L'Oréal;DIAcolor;8.43;Barva
L'Oréal;DIAcolor;9;Barva
L'Oréal;DIAcolor;9.1;Barva
L'Oréal;DIAcolor;9.13;Barva
L'Oréal;DIAcolor;9.82;Barva
L'Oréal;DIAcolor;CLEAR;Barva
L'Oréal;DIALight;4;Přeliv
L'Oréal;DIALight;5;Přeliv
L'Oréal;DIALight;5.11;Přeliv
L'Oréal;DIALight;5.8;Přeliv
L'Oréal;DIALight;6;Přeliv
L'Oréal;DIALight;6.1;Přeliv
L'Oréal;DIALight;6.11;Přeliv
L'Oréal;DIALight;6.23;Přeliv
L'Oréal;DIALight;6.3;Přeliv
L'Oréal;DIALight;6.35;Přeliv
L'Oréal;DIALight;6.45;Přeliv
L'Oréal;DIALight;6.64;Přeliv
L'Oréal;DIALight;6.66;Přeliv
L'Oréal;DIALight;6.8;Přeliv
L'Oréal;DIALight;7;Přeliv
L'Oréal;DIALight;7.01;Přeliv
L'Oréal;DIALight;7.12;Přeliv
L'Oréal;DIALight;7.18;Přeliv
L'Oréal;DIALight;7.23;Přeliv
L'Oréal;DIALight;7.3;Přeliv
L'Oréal;DIALight;7.31;Přeliv
L'Oréal;DIALight;7.4;Přeliv
L'Oréal;DIALight;7.43;Přeliv
L'Oréal;DIALight;8;Přeliv
L'Oréal;DIALight;8.1;Přeliv
L'Oréal;DIALight;8.11;Přeliv
L'Oréal;DIALight;8.13;Přeliv
L'Oréal;DIALight;8.21;Přeliv
L'Oréal;DIALight;8.23;Přeliv
L'Oréal;DIALight;8.24;Přeliv
L'Oréal;DIALight;8.28;Přeliv
L'Oréal;DIALight;8.3;Přeliv
L'Oréal;DIALight;8.34;Přeliv
L'Oréal;DIALight;8.43;Přeliv
L'Oréal;DIALight;9;Přeliv
L'Oréal;DIALight;9.01;Přeliv
L'Oréal;DIALight;9.02;Přeliv
L'Oréal;DIALight;9.03;Přeliv
L'Oréal;DIALight;9.11;Přeliv
L'Oréal;DIALight;9.12;Přeliv
L'Oréal;DIALight;9.13;Přeliv
L'Oréal;DIALight;9.2;Přeliv
L'Oréal;DIALight;9.21;Přeliv
L'Oréal;DIALight;9.3;Přeliv
L'Oréal;DIALight;9.82;Přeliv
L'Oréal;DIALight;10.01;Přeliv
L'Oréal;DIALight;10.02;Přeliv
L'Oréal;DIALight;10.12;Přeliv
L'Oréal;DIALight;10.13;Přeliv
L'Oréal;DIALight;10.18;Přeliv
L'Oréal;DIALight;10.21;Přeliv
L'Oréal;DIALight;10.22;Přeliv
L'Oréal;DIALight;10.23;Přeliv
L'Oréal;DIALight;10.24;Přeliv
L'Oréal;DIALight;10.32;Přeliv
L'Oréal;DIALight;10.82;Přeliv
L'Oréal;DIALight;0 (Clear);Přeliv
L'Oréal;DIALight Boosters;Blue;Přeliv
L'Oréal;DIALight Boosters;Orange;Přeliv
L'Oréal;DIALight Boosters;Red;Přeliv
L'Oréal;DIALight Boosters;Violet;Přeliv
L'Oréal;DIALight Boosters;Yellow;Přeliv
L'Oréal;DIALight Boostery;Červený;Přeliv
L'Oréal;DIALight Boostery;Duhový;Přeliv
L'Oréal;DIALight Boostery;Kovový;Přeliv
L'Oréal;DIALight Boostery;Měděný;Přeliv
L'Oréal;DIALight Boostery;Popelavý;Přeliv
L'Oréal;DIALight Boostery;Zlatý;Přeliv
L'Oréal;Blond Studio;Platinum Plus-7;Melír
L'Oréal;Blond Studio;Multi Techniques-8;Melír
L'Oréal;Blond Studio;9;Melír
L'Oréal;Blond Studio;Bonder Inside-9;Melír
L'Oréal;Blond Studio;Fialový zesvětlující balzám-8;Melír
L'Oréal;Oxidant;Inoa Oleo Vyvíječ 3% (10 Vol);Oxy
L'Oréal;Oxidant;Inoa Oleo Vyvíječ 6% (20 Vol);Oxy
L'Oréal;Oxidant;Inoa Oleo Vyvíječ 9% (30 Vol);Oxy
L'Oréal;Oxidant;Majirel Ox. Krém 3.75%;Oxy
L'Oréal;Oxidant;Majirel Ox. Krém 6%;Oxy
L'Oréal;Oxidant;Majirel Ox. Krém 9%;Oxy
L'Oréal;Oxidant;DIA Vyvíječ 6 Vol (1.8%);Oxy
L'Oréal;Oxidant;DIA Vyvíječ 9 Vol (2.7%);Oxy
L'Oréal;Oxidant;DIA Vyvíječ 15 Vol (4.5%);Oxy
L'Oréal;Oxidant;Nutri Vyvíječ 6% (20 Vol);Oxy
L'Oréal;Oxidant;Nutri Vyvíječ 9% (30 Vol);Oxy
L'Oréal;Oxidant;Nutri Vyvíječ 12% (40 Vol);Oxy
L'Oréal;Oxidant;Blond Studio Oleo Vyvíječ 6% (20 Vol);Oxy
L'Oréal;Oxidant;Blond Studio Oleo Vyvíječ 9% (30 Vol);Oxy
L'Oréal;Preparace;Dulcia Advanced 0;Trvalá
L'Oréal;Preparace;Dulcia Advanced 1;Trvalá
L'Oréal;Preparace;Dulcia Advanced 2;Trvalá
L'Oréal;Preparace;Dulcia Advanced 3;Trvalá
L'Oréal;Ostatní;Efassor sáček;Speciál
L'Oréal;Ostatní;Efassor ubrousky;Speciál